{"cameraMode":{"drawMode":0,"name":"Shaded","section":"Shading Mode"},"sceneLighting":true,"audioPlay":false,"sceneViewState":{"showFog":false,"showMaterialUpdate":false,"showSkybox":false,"showFlares":false,"showImageEffects":false,"showParticleSystems":false},"in2DMode":false,"pivot":{"x":-8.977108001708985,"y":-14.366777420043946,"z":15.479711532592774},"rotation":{"x":-0.18102818727493287,"y":0.7800628542900086,"z":-0.2622418701648712,"w":-0.5384929180145264},"size":55.76076126098633,"orthographic":false}