{"cameraMode":{"drawMode":0,"name":"Shaded","section":"Shading Mode"},"sceneLighting":true,"audioPlay":false,"sceneViewState":{"showFog":false,"showMaterialUpdate":false,"showSkybox":false,"showFlares":false,"showImageEffects":false,"showParticleSystems":false},"in2DMode":false,"pivot":{"x":19.290023803710939,"y":-67.23954010009766,"z":129.5286102294922},"rotation":{"x":-0.22015626728534699,"y":0.5978396534919739,"z":-0.1753557175397873,"w":-0.7505946755409241},"size":179.45166015625,"orthographic":false}