{"cameraMode":{"drawMode":0,"name":"Shaded","section":"Shading Mode"},"sceneLighting":true,"audioPlay":false,"sceneViewState":{"showFog":false,"showMaterialUpdate":false,"showSkybox":false,"showFlares":false,"showImageEffects":false,"showParticleSystems":false},"in2DMode":false,"pivot":{"x":-12.185920715332032,"y":-1.3055992126464844,"z":0.48882347345352175},"rotation":{"x":-0.10323087126016617,"y":0.6962416768074036,"z":-0.10224370658397675,"w":-0.7029591798782349},"size":30.416011810302736,"orthographic":false}