{"cameraMode":{"drawMode":0,"name":"Shaded","section":"Shading Mode"},"sceneLighting":true,"audioPlay":false,"sceneViewState":{"showFog":false,"showMaterialUpdate":false,"showSkybox":false,"showFlares":false,"showImageEffects":false,"showParticleSystems":false},"in2DMode":false,"pivot":{"x":-1.4150137901306153,"y":-0.7911217212677002,"z":1.7322311401367188},"rotation":{"x":-0.1012420803308487,"y":0.8762881755828857,"z":-0.21055446565151215,"w":-0.4213505685329437},"size":8.597444534301758,"orthographic":false}